<?xml version="1.0" encoding="UTF-8"?>
<!DOCTYPE mapper PUBLIC "-//mybatis.org//DTD Mapper 3.0//EN" "http://mybatis.org/dtd/mybatis-3-mapper.dtd">
<mapper namespace="com.suxton.kunmall.dao.OrdersMapper">
  <resultMap id="BaseResultMap" type="com.suxton.kunmall.pojo.Orders">
    <!--
      WARNING - @mbg.generated
      This element is automatically generated by MyBatis Generator, do not modify.
      This element was generated on Mon Jul 17 14:47:32 CST 2023.
    -->
    <id column="id" jdbcType="INTEGER" property="id" />
    <result column="userID" jdbcType="INTEGER" property="userid" />
    <result column="CPUName" jdbcType="VARCHAR" property="cpuname" />
    <result column="GPUName" jdbcType="VARCHAR" property="gpuname" />
    <result column="DriveName" jdbcType="VARCHAR" property="drivename" />
    <result column="MemoryName" jdbcType="VARCHAR" property="memoryname" />
    <result column="address" jdbcType="VARCHAR" property="address" />
    <result column="money" jdbcType="DECIMAL" property="money" />
    <result column="orderTime" jdbcType="TIMESTAMP" property="ordertime" />
    <result column="status" jdbcType="VARCHAR" property="status" />
    <result column="comment" jdbcType="VARCHAR" property="comment" />
  </resultMap>
  <sql id="Example_Where_Clause">
    <!--
      WARNING - @mbg.generated
      This element is automatically generated by MyBatis Generator, do not modify.
      This element was generated on Mon Jul 17 14:47:32 CST 2023.
    -->
    <where>
      <foreach collection="oredCriteria" item="criteria" separator="or">
        <if test="criteria.valid">
          <trim prefix="(" prefixOverrides="and" suffix=")">
            <foreach collection="criteria.criteria" item="criterion">
              <choose>
                <when test="criterion.noValue">
                  and ${criterion.condition}
                </when>
                <when test="criterion.singleValue">
                  and ${criterion.condition} #{criterion.value}
                </when>
                <when test="criterion.betweenValue">
                  and ${criterion.condition} #{criterion.value} and #{criterion.secondValue}
                </when>
                <when test="criterion.listValue">
                  and ${criterion.condition}
                  <foreach close=")" collection="criterion.value" item="listItem" open="(" separator=",">
                    #{listItem}
                  </foreach>
                </when>
              </choose>
            </foreach>
          </trim>
        </if>
      </foreach>
    </where>
  </sql>
  <sql id="Update_By_Example_Where_Clause">
    <!--
      WARNING - @mbg.generated
      This element is automatically generated by MyBatis Generator, do not modify.
      This element was generated on Mon Jul 17 14:47:32 CST 2023.
    -->
    <where>
      <foreach collection="example.oredCriteria" item="criteria" separator="or">
        <if test="criteria.valid">
          <trim prefix="(" prefixOverrides="and" suffix=")">
            <foreach collection="criteria.criteria" item="criterion">
              <choose>
                <when test="criterion.noValue">
                  and ${criterion.condition}
                </when>
                <when test="criterion.singleValue">
                  and ${criterion.condition} #{criterion.value}
                </when>
                <when test="criterion.betweenValue">
                  and ${criterion.condition} #{criterion.value} and #{criterion.secondValue}
                </when>
                <when test="criterion.listValue">
                  and ${criterion.condition}
                  <foreach close=")" collection="criterion.value" item="listItem" open="(" separator=",">
                    #{listItem}
                  </foreach>
                </when>
              </choose>
            </foreach>
          </trim>
        </if>
      </foreach>
    </where>
  </sql>
  <sql id="Base_Column_List">
    <!--
      WARNING - @mbg.generated
      This element is automatically generated by MyBatis Generator, do not modify.
      This element was generated on Mon Jul 17 14:47:32 CST 2023.
    -->
    id, userID, CPUName, GPUName, DriveName, MemoryName, address, money, orderTime, `status`, 
    `comment`
  </sql>
  <select id="selectByExample" parameterType="com.suxton.kunmall.pojo.OrdersExample" resultMap="BaseResultMap">
    <!--
      WARNING - @mbg.generated
      This element is automatically generated by MyBatis Generator, do not modify.
      This element was generated on Mon Jul 17 14:47:32 CST 2023.
    -->
    select
    <if test="distinct">
      distinct
    </if>
    <include refid="Base_Column_List" />
    from Orders
    <if test="_parameter != null">
      <include refid="Example_Where_Clause" />
    </if>
    <if test="orderByClause != null">
      order by ${orderByClause}
    </if>
  </select>
  <select id="selectByPrimaryKey" parameterType="java.lang.Integer" resultMap="BaseResultMap">
    <!--
      WARNING - @mbg.generated
      This element is automatically generated by MyBatis Generator, do not modify.
      This element was generated on Mon Jul 17 14:47:32 CST 2023.
    -->
    select 
    <include refid="Base_Column_List" />
    from Orders
    where id = #{id,jdbcType=INTEGER}
  </select>
  <delete id="deleteByPrimaryKey" parameterType="java.lang.Integer">
    <!--
      WARNING - @mbg.generated
      This element is automatically generated by MyBatis Generator, do not modify.
      This element was generated on Mon Jul 17 14:47:32 CST 2023.
    -->
    delete from Orders
    where id = #{id,jdbcType=INTEGER}
  </delete>
  <delete id="deleteByExample" parameterType="com.suxton.kunmall.pojo.OrdersExample">
    <!--
      WARNING - @mbg.generated
      This element is automatically generated by MyBatis Generator, do not modify.
      This element was generated on Mon Jul 17 14:47:32 CST 2023.
    -->
    delete from Orders
    <if test="_parameter != null">
      <include refid="Example_Where_Clause" />
    </if>
  </delete>
  <insert id="insert" parameterType="com.suxton.kunmall.pojo.Orders">
    <!--
      WARNING - @mbg.generated
      This element is automatically generated by MyBatis Generator, do not modify.
      This element was generated on Mon Jul 17 14:47:32 CST 2023.
    -->
    insert into Orders (id, userID, CPUName, 
      GPUName, DriveName, MemoryName, 
      address, money, orderTime, 
      `status`, `comment`)
    values (#{id,jdbcType=INTEGER}, #{userid,jdbcType=INTEGER}, #{cpuname,jdbcType=VARCHAR}, 
      #{gpuname,jdbcType=VARCHAR}, #{drivename,jdbcType=VARCHAR}, #{memoryname,jdbcType=VARCHAR}, 
      #{address,jdbcType=VARCHAR}, #{money,jdbcType=DECIMAL}, #{ordertime,jdbcType=TIMESTAMP}, 
      #{status,jdbcType=VARCHAR}, #{comment,jdbcType=VARCHAR})
  </insert>
  <insert id="insertSelective" parameterType="com.suxton.kunmall.pojo.Orders">
    <!--
      WARNING - @mbg.generated
      This element is automatically generated by MyBatis Generator, do not modify.
      This element was generated on Mon Jul 17 14:47:32 CST 2023.
    -->
    insert into Orders
    <trim prefix="(" suffix=")" suffixOverrides=",">
      <if test="id != null">
        id,
      </if>
      <if test="userid != null">
        userID,
      </if>
      <if test="cpuname != null">
        CPUName,
      </if>
      <if test="gpuname != null">
        GPUName,
      </if>
      <if test="drivename != null">
        DriveName,
      </if>
      <if test="memoryname != null">
        MemoryName,
      </if>
      <if test="address != null">
        address,
      </if>
      <if test="money != null">
        money,
      </if>
      <if test="ordertime != null">
        orderTime,
      </if>
      <if test="status != null">
        `status`,
      </if>
      <if test="comment != null">
        `comment`,
      </if>
    </trim>
    <trim prefix="values (" suffix=")" suffixOverrides=",">
      <if test="id != null">
        #{id,jdbcType=INTEGER},
      </if>
      <if test="userid != null">
        #{userid,jdbcType=INTEGER},
      </if>
      <if test="cpuname != null">
        #{cpuname,jdbcType=VARCHAR},
      </if>
      <if test="gpuname != null">
        #{gpuname,jdbcType=VARCHAR},
      </if>
      <if test="drivename != null">
        #{drivename,jdbcType=VARCHAR},
      </if>
      <if test="memoryname != null">
        #{memoryname,jdbcType=VARCHAR},
      </if>
      <if test="address != null">
        #{address,jdbcType=VARCHAR},
      </if>
      <if test="money != null">
        #{money,jdbcType=DECIMAL},
      </if>
      <if test="ordertime != null">
        #{ordertime,jdbcType=TIMESTAMP},
      </if>
      <if test="status != null">
        #{status,jdbcType=VARCHAR},
      </if>
      <if test="comment != null">
        #{comment,jdbcType=VARCHAR},
      </if>
    </trim>
  </insert>
  <select id="countByExample" parameterType="com.suxton.kunmall.pojo.OrdersExample" resultType="java.lang.Long">
    <!--
      WARNING - @mbg.generated
      This element is automatically generated by MyBatis Generator, do not modify.
      This element was generated on Mon Jul 17 14:47:32 CST 2023.
    -->
    select count(*) from Orders
    <if test="_parameter != null">
      <include refid="Example_Where_Clause" />
    </if>
  </select>
  <update id="updateByExampleSelective" parameterType="map">
    <!--
      WARNING - @mbg.generated
      This element is automatically generated by MyBatis Generator, do not modify.
      This element was generated on Mon Jul 17 14:47:32 CST 2023.
    -->
    update Orders
    <set>
      <if test="row.id != null">
        id = #{row.id,jdbcType=INTEGER},
      </if>
      <if test="row.userid != null">
        userID = #{row.userid,jdbcType=INTEGER},
      </if>
      <if test="row.cpuname != null">
        CPUName = #{row.cpuname,jdbcType=VARCHAR},
      </if>
      <if test="row.gpuname != null">
        GPUName = #{row.gpuname,jdbcType=VARCHAR},
      </if>
      <if test="row.drivename != null">
        DriveName = #{row.drivename,jdbcType=VARCHAR},
      </if>
      <if test="row.memoryname != null">
        MemoryName = #{row.memoryname,jdbcType=VARCHAR},
      </if>
      <if test="row.address != null">
        address = #{row.address,jdbcType=VARCHAR},
      </if>
      <if test="row.money != null">
        money = #{row.money,jdbcType=DECIMAL},
      </if>
      <if test="row.ordertime != null">
        orderTime = #{row.ordertime,jdbcType=TIMESTAMP},
      </if>
      <if test="row.status != null">
        `status` = #{row.status,jdbcType=VARCHAR},
      </if>
      <if test="row.comment != null">
        `comment` = #{row.comment,jdbcType=VARCHAR},
      </if>
    </set>
    <if test="example != null">
      <include refid="Update_By_Example_Where_Clause" />
    </if>
  </update>
  <update id="updateByExample" parameterType="map">
    <!--
      WARNING - @mbg.generated
      This element is automatically generated by MyBatis Generator, do not modify.
      This element was generated on Mon Jul 17 14:47:32 CST 2023.
    -->
    update Orders
    set id = #{row.id,jdbcType=INTEGER},
      userID = #{row.userid,jdbcType=INTEGER},
      CPUName = #{row.cpuname,jdbcType=VARCHAR},
      GPUName = #{row.gpuname,jdbcType=VARCHAR},
      DriveName = #{row.drivename,jdbcType=VARCHAR},
      MemoryName = #{row.memoryname,jdbcType=VARCHAR},
      address = #{row.address,jdbcType=VARCHAR},
      money = #{row.money,jdbcType=DECIMAL},
      orderTime = #{row.ordertime,jdbcType=TIMESTAMP},
      `status` = #{row.status,jdbcType=VARCHAR},
      `comment` = #{row.comment,jdbcType=VARCHAR}
    <if test="example != null">
      <include refid="Update_By_Example_Where_Clause" />
    </if>
  </update>
  <update id="updateByPrimaryKeySelective" parameterType="com.suxton.kunmall.pojo.Orders">
    <!--
      WARNING - @mbg.generated
      This element is automatically generated by MyBatis Generator, do not modify.
      This element was generated on Mon Jul 17 14:47:32 CST 2023.
    -->
    update Orders
    <set>
      <if test="userid != null">
        userID = #{userid,jdbcType=INTEGER},
      </if>
      <if test="cpuname != null">
        CPUName = #{cpuname,jdbcType=VARCHAR},
      </if>
      <if test="gpuname != null">
        GPUName = #{gpuname,jdbcType=VARCHAR},
      </if>
      <if test="drivename != null">
        DriveName = #{drivename,jdbcType=VARCHAR},
      </if>
      <if test="memoryname != null">
        MemoryName = #{memoryname,jdbcType=VARCHAR},
      </if>
      <if test="address != null">
        address = #{address,jdbcType=VARCHAR},
      </if>
      <if test="money != null">
        money = #{money,jdbcType=DECIMAL},
      </if>
      <if test="ordertime != null">
        orderTime = #{ordertime,jdbcType=TIMESTAMP},
      </if>
      <if test="status != null">
        `status` = #{status,jdbcType=VARCHAR},
      </if>
      <if test="comment != null">
        `comment` = #{comment,jdbcType=VARCHAR},
      </if>
    </set>
    where id = #{id,jdbcType=INTEGER}
  </update>
  <update id="updateByPrimaryKey" parameterType="com.suxton.kunmall.pojo.Orders">
    <!--
      WARNING - @mbg.generated
      This element is automatically generated by MyBatis Generator, do not modify.
      This element was generated on Mon Jul 17 14:47:32 CST 2023.
    -->
    update Orders
    set userID = #{userid,jdbcType=INTEGER},
      CPUName = #{cpuname,jdbcType=VARCHAR},
      GPUName = #{gpuname,jdbcType=VARCHAR},
      DriveName = #{drivename,jdbcType=VARCHAR},
      MemoryName = #{memoryname,jdbcType=VARCHAR},
      address = #{address,jdbcType=VARCHAR},
      money = #{money,jdbcType=DECIMAL},
      orderTime = #{ordertime,jdbcType=TIMESTAMP},
      `status` = #{status,jdbcType=VARCHAR},
      `comment` = #{comment,jdbcType=VARCHAR}
    where id = #{id,jdbcType=INTEGER}
  </update>
</mapper>