<?xml version="1.0" encoding="UTF-8"?>
<!DOCTYPE mapper PUBLIC "-//mybatis.org//DTD Mapper 3.0//EN" "http://mybatis.org/dtd/mybatis-3-mapper.dtd">
<mapper namespace="com.suxton.kunmall.dao.RecommendsMapper">
  <resultMap id="BaseResultMap" type="com.suxton.kunmall.pojo.Recommends">
    <!--
      WARNING - @mbg.generated
      This element is automatically generated by MyBatis Generator, do not modify.
      This element was generated on Mon Jul 17 14:47:32 CST 2023.
    -->
    <id column="id" jdbcType="INTEGER" property="id" />
    <result column="CPUID" jdbcType="INTEGER" property="cpuid" />
    <result column="GPUID" jdbcType="INTEGER" property="gpuid" />
    <result column="DriveID" jdbcType="INTEGER" property="driveid" />
    <result column="MemoryID" jdbcType="INTEGER" property="memoryid" />
    <result column="comment" jdbcType="VARCHAR" property="comment" />
  </resultMap>
  <sql id="Example_Where_Clause">
    <!--
      WARNING - @mbg.generated
      This element is automatically generated by MyBatis Generator, do not modify.
      This element was generated on Mon Jul 17 14:47:32 CST 2023.
    -->
    <where>
      <foreach collection="oredCriteria" item="criteria" separator="or">
        <if test="criteria.valid">
          <trim prefix="(" prefixOverrides="and" suffix=")">
            <foreach collection="criteria.criteria" item="criterion">
              <choose>
                <when test="criterion.noValue">
                  and ${criterion.condition}
                </when>
                <when test="criterion.singleValue">
                  and ${criterion.condition} #{criterion.value}
                </when>
                <when test="criterion.betweenValue">
                  and ${criterion.condition} #{criterion.value} and #{criterion.secondValue}
                </when>
                <when test="criterion.listValue">
                  and ${criterion.condition}
                  <foreach close=")" collection="criterion.value" item="listItem" open="(" separator=",">
                    #{listItem}
                  </foreach>
                </when>
              </choose>
            </foreach>
          </trim>
        </if>
      </foreach>
    </where>
  </sql>
  <sql id="Update_By_Example_Where_Clause">
    <!--
      WARNING - @mbg.generated
      This element is automatically generated by MyBatis Generator, do not modify.
      This element was generated on Mon Jul 17 14:47:32 CST 2023.
    -->
    <where>
      <foreach collection="example.oredCriteria" item="criteria" separator="or">
        <if test="criteria.valid">
          <trim prefix="(" prefixOverrides="and" suffix=")">
            <foreach collection="criteria.criteria" item="criterion">
              <choose>
                <when test="criterion.noValue">
                  and ${criterion.condition}
                </when>
                <when test="criterion.singleValue">
                  and ${criterion.condition} #{criterion.value}
                </when>
                <when test="criterion.betweenValue">
                  and ${criterion.condition} #{criterion.value} and #{criterion.secondValue}
                </when>
                <when test="criterion.listValue">
                  and ${criterion.condition}
                  <foreach close=")" collection="criterion.value" item="listItem" open="(" separator=",">
                    #{listItem}
                  </foreach>
                </when>
              </choose>
            </foreach>
          </trim>
        </if>
      </foreach>
    </where>
  </sql>
  <sql id="Base_Column_List">
    <!--
      WARNING - @mbg.generated
      This element is automatically generated by MyBatis Generator, do not modify.
      This element was generated on Mon Jul 17 14:47:32 CST 2023.
    -->
    id, CPUID, GPUID, DriveID, MemoryID, `comment`
  </sql>
  <select id="selectByExample" parameterType="com.suxton.kunmall.pojo.RecommendsExample" resultMap="BaseResultMap">
    <!--
      WARNING - @mbg.generated
      This element is automatically generated by MyBatis Generator, do not modify.
      This element was generated on Mon Jul 17 14:47:32 CST 2023.
    -->
    select
    <if test="distinct">
      distinct
    </if>
    <include refid="Base_Column_List" />
    from Recommends
    <if test="_parameter != null">
      <include refid="Example_Where_Clause" />
    </if>
    <if test="orderByClause != null">
      order by ${orderByClause}
    </if>
  </select>
  <select id="selectByPrimaryKey" parameterType="java.lang.Integer" resultMap="BaseResultMap">
    <!--
      WARNING - @mbg.generated
      This element is automatically generated by MyBatis Generator, do not modify.
      This element was generated on Mon Jul 17 14:47:32 CST 2023.
    -->
    select 
    <include refid="Base_Column_List" />
    from Recommends
    where id = #{id,jdbcType=INTEGER}
  </select>
  <delete id="deleteByPrimaryKey" parameterType="java.lang.Integer">
    <!--
      WARNING - @mbg.generated
      This element is automatically generated by MyBatis Generator, do not modify.
      This element was generated on Mon Jul 17 14:47:32 CST 2023.
    -->
    delete from Recommends
    where id = #{id,jdbcType=INTEGER}
  </delete>
  <delete id="deleteByExample" parameterType="com.suxton.kunmall.pojo.RecommendsExample">
    <!--
      WARNING - @mbg.generated
      This element is automatically generated by MyBatis Generator, do not modify.
      This element was generated on Mon Jul 17 14:47:32 CST 2023.
    -->
    delete from Recommends
    <if test="_parameter != null">
      <include refid="Example_Where_Clause" />
    </if>
  </delete>
  <insert id="insert" parameterType="com.suxton.kunmall.pojo.Recommends">
    <!--
      WARNING - @mbg.generated
      This element is automatically generated by MyBatis Generator, do not modify.
      This element was generated on Mon Jul 17 14:47:32 CST 2023.
    -->
    insert into Recommends (id, CPUID, GPUID, 
      DriveID, MemoryID, `comment`
      )
    values (#{id,jdbcType=INTEGER}, #{cpuid,jdbcType=INTEGER}, #{gpuid,jdbcType=INTEGER}, 
      #{driveid,jdbcType=INTEGER}, #{memoryid,jdbcType=INTEGER}, #{comment,jdbcType=VARCHAR}
      )
  </insert>
  <insert id="insertSelective" parameterType="com.suxton.kunmall.pojo.Recommends">
    <!--
      WARNING - @mbg.generated
      This element is automatically generated by MyBatis Generator, do not modify.
      This element was generated on Mon Jul 17 14:47:32 CST 2023.
    -->
    insert into Recommends
    <trim prefix="(" suffix=")" suffixOverrides=",">
      <if test="id != null">
        id,
      </if>
      <if test="cpuid != null">
        CPUID,
      </if>
      <if test="gpuid != null">
        GPUID,
      </if>
      <if test="driveid != null">
        DriveID,
      </if>
      <if test="memoryid != null">
        MemoryID,
      </if>
      <if test="comment != null">
        `comment`,
      </if>
    </trim>
    <trim prefix="values (" suffix=")" suffixOverrides=",">
      <if test="id != null">
        #{id,jdbcType=INTEGER},
      </if>
      <if test="cpuid != null">
        #{cpuid,jdbcType=INTEGER},
      </if>
      <if test="gpuid != null">
        #{gpuid,jdbcType=INTEGER},
      </if>
      <if test="driveid != null">
        #{driveid,jdbcType=INTEGER},
      </if>
      <if test="memoryid != null">
        #{memoryid,jdbcType=INTEGER},
      </if>
      <if test="comment != null">
        #{comment,jdbcType=VARCHAR},
      </if>
    </trim>
  </insert>
  <select id="countByExample" parameterType="com.suxton.kunmall.pojo.RecommendsExample" resultType="java.lang.Long">
    <!--
      WARNING - @mbg.generated
      This element is automatically generated by MyBatis Generator, do not modify.
      This element was generated on Mon Jul 17 14:47:32 CST 2023.
    -->
    select count(*) from Recommends
    <if test="_parameter != null">
      <include refid="Example_Where_Clause" />
    </if>
  </select>
  <update id="updateByExampleSelective" parameterType="map">
    <!--
      WARNING - @mbg.generated
      This element is automatically generated by MyBatis Generator, do not modify.
      This element was generated on Mon Jul 17 14:47:32 CST 2023.
    -->
    update Recommends
    <set>
      <if test="row.id != null">
        id = #{row.id,jdbcType=INTEGER},
      </if>
      <if test="row.cpuid != null">
        CPUID = #{row.cpuid,jdbcType=INTEGER},
      </if>
      <if test="row.gpuid != null">
        GPUID = #{row.gpuid,jdbcType=INTEGER},
      </if>
      <if test="row.driveid != null">
        DriveID = #{row.driveid,jdbcType=INTEGER},
      </if>
      <if test="row.memoryid != null">
        MemoryID = #{row.memoryid,jdbcType=INTEGER},
      </if>
      <if test="row.comment != null">
        `comment` = #{row.comment,jdbcType=VARCHAR},
      </if>
    </set>
    <if test="example != null">
      <include refid="Update_By_Example_Where_Clause" />
    </if>
  </update>
  <update id="updateByExample" parameterType="map">
    <!--
      WARNING - @mbg.generated
      This element is automatically generated by MyBatis Generator, do not modify.
      This element was generated on Mon Jul 17 14:47:32 CST 2023.
    -->
    update Recommends
    set id = #{row.id,jdbcType=INTEGER},
      CPUID = #{row.cpuid,jdbcType=INTEGER},
      GPUID = #{row.gpuid,jdbcType=INTEGER},
      DriveID = #{row.driveid,jdbcType=INTEGER},
      MemoryID = #{row.memoryid,jdbcType=INTEGER},
      `comment` = #{row.comment,jdbcType=VARCHAR}
    <if test="example != null">
      <include refid="Update_By_Example_Where_Clause" />
    </if>
  </update>
  <update id="updateByPrimaryKeySelective" parameterType="com.suxton.kunmall.pojo.Recommends">
    <!--
      WARNING - @mbg.generated
      This element is automatically generated by MyBatis Generator, do not modify.
      This element was generated on Mon Jul 17 14:47:32 CST 2023.
    -->
    update Recommends
    <set>
      <if test="cpuid != null">
        CPUID = #{cpuid,jdbcType=INTEGER},
      </if>
      <if test="gpuid != null">
        GPUID = #{gpuid,jdbcType=INTEGER},
      </if>
      <if test="driveid != null">
        DriveID = #{driveid,jdbcType=INTEGER},
      </if>
      <if test="memoryid != null">
        MemoryID = #{memoryid,jdbcType=INTEGER},
      </if>
      <if test="comment != null">
        `comment` = #{comment,jdbcType=VARCHAR},
      </if>
    </set>
    where id = #{id,jdbcType=INTEGER}
  </update>
  <update id="updateByPrimaryKey" parameterType="com.suxton.kunmall.pojo.Recommends">
    <!--
      WARNING - @mbg.generated
      This element is automatically generated by MyBatis Generator, do not modify.
      This element was generated on Mon Jul 17 14:47:32 CST 2023.
    -->
    update Recommends
    set CPUID = #{cpuid,jdbcType=INTEGER},
      GPUID = #{gpuid,jdbcType=INTEGER},
      DriveID = #{driveid,jdbcType=INTEGER},
      MemoryID = #{memoryid,jdbcType=INTEGER},
      `comment` = #{comment,jdbcType=VARCHAR}
    where id = #{id,jdbcType=INTEGER}
  </update>
</mapper>