<?xml version="1.0" encoding="UTF-8"?>
<!DOCTYPE mapper PUBLIC "-//mybatis.org//DTD Mapper 3.0//EN" "http://mybatis.org/dtd/mybatis-3-mapper.dtd">
<mapper namespace="com.suxton.kunmall.dao.ServiceMapper">
  <resultMap id="BaseResultMap" type="com.suxton.kunmall.pojo.Service">
    <!--
      WARNING - @mbg.generated
      This element is automatically generated by MyBatis Generator, do not modify.
      This element was generated on Mon Jul 17 14:47:32 CST 2023.
    -->
    <id column="userID" jdbcType="INTEGER" property="userid" />
    <result column="userName" jdbcType="VARCHAR" property="username" />
    <result column="content" jdbcType="VARCHAR" property="content" />
    <result column="status" jdbcType="SMALLINT" property="status" />
    <result column="lastChat" jdbcType="TIMESTAMP" property="lastchat" />
  </resultMap>
  <sql id="Example_Where_Clause">
    <!--
      WARNING - @mbg.generated
      This element is automatically generated by MyBatis Generator, do not modify.
      This element was generated on Mon Jul 17 14:47:32 CST 2023.
    -->
    <where>
      <foreach collection="oredCriteria" item="criteria" separator="or">
        <if test="criteria.valid">
          <trim prefix="(" prefixOverrides="and" suffix=")">
            <foreach collection="criteria.criteria" item="criterion">
              <choose>
                <when test="criterion.noValue">
                  and ${criterion.condition}
                </when>
                <when test="criterion.singleValue">
                  and ${criterion.condition} #{criterion.value}
                </when>
                <when test="criterion.betweenValue">
                  and ${criterion.condition} #{criterion.value} and #{criterion.secondValue}
                </when>
                <when test="criterion.listValue">
                  and ${criterion.condition}
                  <foreach close=")" collection="criterion.value" item="listItem" open="(" separator=",">
                    #{listItem}
                  </foreach>
                </when>
              </choose>
            </foreach>
          </trim>
        </if>
      </foreach>
    </where>
  </sql>
  <sql id="Update_By_Example_Where_Clause">
    <!--
      WARNING - @mbg.generated
      This element is automatically generated by MyBatis Generator, do not modify.
      This element was generated on Mon Jul 17 14:47:32 CST 2023.
    -->
    <where>
      <foreach collection="example.oredCriteria" item="criteria" separator="or">
        <if test="criteria.valid">
          <trim prefix="(" prefixOverrides="and" suffix=")">
            <foreach collection="criteria.criteria" item="criterion">
              <choose>
                <when test="criterion.noValue">
                  and ${criterion.condition}
                </when>
                <when test="criterion.singleValue">
                  and ${criterion.condition} #{criterion.value}
                </when>
                <when test="criterion.betweenValue">
                  and ${criterion.condition} #{criterion.value} and #{criterion.secondValue}
                </when>
                <when test="criterion.listValue">
                  and ${criterion.condition}
                  <foreach close=")" collection="criterion.value" item="listItem" open="(" separator=",">
                    #{listItem}
                  </foreach>
                </when>
              </choose>
            </foreach>
          </trim>
        </if>
      </foreach>
    </where>
  </sql>
  <sql id="Base_Column_List">
    <!--
      WARNING - @mbg.generated
      This element is automatically generated by MyBatis Generator, do not modify.
      This element was generated on Mon Jul 17 14:47:32 CST 2023.
    -->
    userID, userName, content, `status`, lastChat
  </sql>
  <select id="selectByExample" parameterType="com.suxton.kunmall.pojo.ServiceExample" resultMap="BaseResultMap">
    <!--
      WARNING - @mbg.generated
      This element is automatically generated by MyBatis Generator, do not modify.
      This element was generated on Mon Jul 17 14:47:32 CST 2023.
    -->
    select
    <if test="distinct">
      distinct
    </if>
    <include refid="Base_Column_List" />
    from Service
    <if test="_parameter != null">
      <include refid="Example_Where_Clause" />
    </if>
    <if test="orderByClause != null">
      order by ${orderByClause}
    </if>
  </select>
  <select id="selectByPrimaryKey" parameterType="java.lang.Integer" resultMap="BaseResultMap">
    <!--
      WARNING - @mbg.generated
      This element is automatically generated by MyBatis Generator, do not modify.
      This element was generated on Mon Jul 17 14:47:32 CST 2023.
    -->
    select 
    <include refid="Base_Column_List" />
    from Service
    where userID = #{userid,jdbcType=INTEGER}
  </select>
  <delete id="deleteByPrimaryKey" parameterType="java.lang.Integer">
    <!--
      WARNING - @mbg.generated
      This element is automatically generated by MyBatis Generator, do not modify.
      This element was generated on Mon Jul 17 14:47:32 CST 2023.
    -->
    delete from Service
    where userID = #{userid,jdbcType=INTEGER}
  </delete>
  <delete id="deleteByExample" parameterType="com.suxton.kunmall.pojo.ServiceExample">
    <!--
      WARNING - @mbg.generated
      This element is automatically generated by MyBatis Generator, do not modify.
      This element was generated on Mon Jul 17 14:47:32 CST 2023.
    -->
    delete from Service
    <if test="_parameter != null">
      <include refid="Example_Where_Clause" />
    </if>
  </delete>
  <insert id="insert" parameterType="com.suxton.kunmall.pojo.Service">
    <!--
      WARNING - @mbg.generated
      This element is automatically generated by MyBatis Generator, do not modify.
      This element was generated on Mon Jul 17 14:47:32 CST 2023.
    -->
    insert into Service (userID, userName, content, 
      `status`, lastChat)
    values (#{userid,jdbcType=INTEGER}, #{username,jdbcType=VARCHAR}, #{content,jdbcType=VARCHAR}, 
      #{status,jdbcType=SMALLINT}, #{lastchat,jdbcType=TIMESTAMP})
  </insert>
  <insert id="insertSelective" parameterType="com.suxton.kunmall.pojo.Service">
    <!--
      WARNING - @mbg.generated
      This element is automatically generated by MyBatis Generator, do not modify.
      This element was generated on Mon Jul 17 14:47:32 CST 2023.
    -->
    insert into Service
    <trim prefix="(" suffix=")" suffixOverrides=",">
      <if test="userid != null">
        userID,
      </if>
      <if test="username != null">
        userName,
      </if>
      <if test="content != null">
        content,
      </if>
      <if test="status != null">
        `status`,
      </if>
      <if test="lastchat != null">
        lastChat,
      </if>
    </trim>
    <trim prefix="values (" suffix=")" suffixOverrides=",">
      <if test="userid != null">
        #{userid,jdbcType=INTEGER},
      </if>
      <if test="username != null">
        #{username,jdbcType=VARCHAR},
      </if>
      <if test="content != null">
        #{content,jdbcType=VARCHAR},
      </if>
      <if test="status != null">
        #{status,jdbcType=SMALLINT},
      </if>
      <if test="lastchat != null">
        #{lastchat,jdbcType=TIMESTAMP},
      </if>
    </trim>
  </insert>
  <select id="countByExample" parameterType="com.suxton.kunmall.pojo.ServiceExample" resultType="java.lang.Long">
    <!--
      WARNING - @mbg.generated
      This element is automatically generated by MyBatis Generator, do not modify.
      This element was generated on Mon Jul 17 14:47:32 CST 2023.
    -->
    select count(*) from Service
    <if test="_parameter != null">
      <include refid="Example_Where_Clause" />
    </if>
  </select>
  <update id="updateByExampleSelective" parameterType="map">
    <!--
      WARNING - @mbg.generated
      This element is automatically generated by MyBatis Generator, do not modify.
      This element was generated on Mon Jul 17 14:47:32 CST 2023.
    -->
    update Service
    <set>
      <if test="row.userid != null">
        userID = #{row.userid,jdbcType=INTEGER},
      </if>
      <if test="row.username != null">
        userName = #{row.username,jdbcType=VARCHAR},
      </if>
      <if test="row.content != null">
        content = #{row.content,jdbcType=VARCHAR},
      </if>
      <if test="row.status != null">
        `status` = #{row.status,jdbcType=SMALLINT},
      </if>
      <if test="row.lastchat != null">
        lastChat = #{row.lastchat,jdbcType=TIMESTAMP},
      </if>
    </set>
    <if test="example != null">
      <include refid="Update_By_Example_Where_Clause" />
    </if>
  </update>
  <update id="updateByExample" parameterType="map">
    <!--
      WARNING - @mbg.generated
      This element is automatically generated by MyBatis Generator, do not modify.
      This element was generated on Mon Jul 17 14:47:32 CST 2023.
    -->
    update Service
    set userID = #{row.userid,jdbcType=INTEGER},
      userName = #{row.username,jdbcType=VARCHAR},
      content = #{row.content,jdbcType=VARCHAR},
      `status` = #{row.status,jdbcType=SMALLINT},
      lastChat = #{row.lastchat,jdbcType=TIMESTAMP}
    <if test="example != null">
      <include refid="Update_By_Example_Where_Clause" />
    </if>
  </update>
  <update id="updateByPrimaryKeySelective" parameterType="com.suxton.kunmall.pojo.Service">
    <!--
      WARNING - @mbg.generated
      This element is automatically generated by MyBatis Generator, do not modify.
      This element was generated on Mon Jul 17 14:47:32 CST 2023.
    -->
    update Service
    <set>
      <if test="username != null">
        userName = #{username,jdbcType=VARCHAR},
      </if>
      <if test="content != null">
        content = #{content,jdbcType=VARCHAR},
      </if>
      <if test="status != null">
        `status` = #{status,jdbcType=SMALLINT},
      </if>
      <if test="lastchat != null">
        lastChat = #{lastchat,jdbcType=TIMESTAMP},
      </if>
    </set>
    where userID = #{userid,jdbcType=INTEGER}
  </update>
  <update id="updateByPrimaryKey" parameterType="com.suxton.kunmall.pojo.Service">
    <!--
      WARNING - @mbg.generated
      This element is automatically generated by MyBatis Generator, do not modify.
      This element was generated on Mon Jul 17 14:47:32 CST 2023.
    -->
    update Service
    set userName = #{username,jdbcType=VARCHAR},
      content = #{content,jdbcType=VARCHAR},
      `status` = #{status,jdbcType=SMALLINT},
      lastChat = #{lastchat,jdbcType=TIMESTAMP}
    where userID = #{userid,jdbcType=INTEGER}
  </update>
</mapper>