<?xml version="1.0" encoding="UTF-8"?>
<!DOCTYPE mapper PUBLIC "-//mybatis.org//DTD Mapper 3.0//EN" "http://mybatis.org/dtd/mybatis-3-mapper.dtd">
<mapper namespace="com.suxton.kunmall.dao.UserConsumedMapper">
    <resultMap id="BaseResultMap" type="com.suxton.kunmall.pojo.UserConsumed">
        <!--
          WARNING - @mbg.generated
          This element is automatically generated by MyBatis Generator, do not modify.
          This element was generated on Sun Jul 16 13:01:55 CST 2023.
        -->
        <id property="userID" column="userID" jdbcType="INTEGER"/>
        <result property="userName" column="userName" jdbcType="VARCHAR"/>
        <result property="latestOrder" column="latestOrder" jdbcType="DATE"/>
        <result property="consumeTime" column="consumeTime" jdbcType="INTEGER"/>
        <result property="money" column="money" jdbcType="DECIMAL"/>
    </resultMap>
    <select id="getUsersConsumed" resultMap="BaseResultMap">
        SELECT userID,
               MAX(orderTime)          as latestOrder,
               COUNT(userID)           as consumeTime,
               SUM(money)              as money,
               (SELECT userName
                FROM Users u
                WHERE o.userID = u.id) as userName
        FROM Orders o
        GROUP BY userID
    </select>
</mapper>