<?xml version="1.0" encoding="UTF-8"?>
<!DOCTYPE mapper PUBLIC "-//mybatis.org//DTD Mapper 3.0//EN" "http://mybatis.org/dtd/mybatis-3-mapper.dtd">
<mapper namespace="com.suxton.kunmall.dao.UserMapper">
  <resultMap id="BaseResultMap" type="com.suxton.kunmall.pojo.User">
    <!--
      WARNING - @mbg.generated
      This element is automatically generated by MyBatis Generator, do not modify.
      This element was generated on Mon Jul 17 14:47:32 CST 2023.
    -->
    <id column="id" jdbcType="INTEGER" property="id" />
    <result column="isAdmin" jdbcType="BIT" property="isadmin" />
    <result column="passwd" jdbcType="VARCHAR" property="passwd" />
    <result column="userName" jdbcType="VARCHAR" property="username" />
  </resultMap>
  <sql id="Example_Where_Clause">
    <!--
      WARNING - @mbg.generated
      This element is automatically generated by MyBatis Generator, do not modify.
      This element was generated on Mon Jul 17 14:47:32 CST 2023.
    -->
    <where>
      <foreach collection="oredCriteria" item="criteria" separator="or">
        <if test="criteria.valid">
          <trim prefix="(" prefixOverrides="and" suffix=")">
            <foreach collection="criteria.criteria" item="criterion">
              <choose>
                <when test="criterion.noValue">
                  and ${criterion.condition}
                </when>
                <when test="criterion.singleValue">
                  and ${criterion.condition} #{criterion.value}
                </when>
                <when test="criterion.betweenValue">
                  and ${criterion.condition} #{criterion.value} and #{criterion.secondValue}
                </when>
                <when test="criterion.listValue">
                  and ${criterion.condition}
                  <foreach close=")" collection="criterion.value" item="listItem" open="(" separator=",">
                    #{listItem}
                  </foreach>
                </when>
              </choose>
            </foreach>
          </trim>
        </if>
      </foreach>
    </where>
  </sql>
  <sql id="Update_By_Example_Where_Clause">
    <!--
      WARNING - @mbg.generated
      This element is automatically generated by MyBatis Generator, do not modify.
      This element was generated on Mon Jul 17 14:47:32 CST 2023.
    -->
    <where>
      <foreach collection="example.oredCriteria" item="criteria" separator="or">
        <if test="criteria.valid">
          <trim prefix="(" prefixOverrides="and" suffix=")">
            <foreach collection="criteria.criteria" item="criterion">
              <choose>
                <when test="criterion.noValue">
                  and ${criterion.condition}
                </when>
                <when test="criterion.singleValue">
                  and ${criterion.condition} #{criterion.value}
                </when>
                <when test="criterion.betweenValue">
                  and ${criterion.condition} #{criterion.value} and #{criterion.secondValue}
                </when>
                <when test="criterion.listValue">
                  and ${criterion.condition}
                  <foreach close=")" collection="criterion.value" item="listItem" open="(" separator=",">
                    #{listItem}
                  </foreach>
                </when>
              </choose>
            </foreach>
          </trim>
        </if>
      </foreach>
    </where>
  </sql>
  <sql id="Base_Column_List">
    <!--
      WARNING - @mbg.generated
      This element is automatically generated by MyBatis Generator, do not modify.
      This element was generated on Mon Jul 17 14:47:32 CST 2023.
    -->
    id, isAdmin, passwd, userName
  </sql>
  <select id="selectByExample" parameterType="com.suxton.kunmall.pojo.UserExample" resultMap="BaseResultMap">
    <!--
      WARNING - @mbg.generated
      This element is automatically generated by MyBatis Generator, do not modify.
      This element was generated on Mon Jul 17 14:47:32 CST 2023.
    -->
    select
    <if test="distinct">
      distinct
    </if>
    <include refid="Base_Column_List" />
    from Users
    <if test="_parameter != null">
      <include refid="Example_Where_Clause" />
    </if>
    <if test="orderByClause != null">
      order by ${orderByClause}
    </if>
  </select>
  <select id="selectByPrimaryKey" parameterType="java.lang.Integer" resultMap="BaseResultMap">
    <!--
      WARNING - @mbg.generated
      This element is automatically generated by MyBatis Generator, do not modify.
      This element was generated on Mon Jul 17 14:47:32 CST 2023.
    -->
    select 
    <include refid="Base_Column_List" />
    from Users
    where id = #{id,jdbcType=INTEGER}
  </select>
  <delete id="deleteByPrimaryKey" parameterType="java.lang.Integer">
    <!--
      WARNING - @mbg.generated
      This element is automatically generated by MyBatis Generator, do not modify.
      This element was generated on Mon Jul 17 14:47:32 CST 2023.
    -->
    delete from Users
    where id = #{id,jdbcType=INTEGER}
  </delete>
  <delete id="deleteByExample" parameterType="com.suxton.kunmall.pojo.UserExample">
    <!--
      WARNING - @mbg.generated
      This element is automatically generated by MyBatis Generator, do not modify.
      This element was generated on Mon Jul 17 14:47:32 CST 2023.
    -->
    delete from Users
    <if test="_parameter != null">
      <include refid="Example_Where_Clause" />
    </if>
  </delete>
  <insert id="insert" parameterType="com.suxton.kunmall.pojo.User">
    <!--
      WARNING - @mbg.generated
      This element is automatically generated by MyBatis Generator, do not modify.
      This element was generated on Mon Jul 17 14:47:32 CST 2023.
    -->
    insert into Users (id, isAdmin, passwd, 
      userName)
    values (#{id,jdbcType=INTEGER}, #{isadmin,jdbcType=BIT}, #{passwd,jdbcType=VARCHAR}, 
      #{username,jdbcType=VARCHAR})
  </insert>
  <insert id="insertSelective" parameterType="com.suxton.kunmall.pojo.User">
    <!--
      WARNING - @mbg.generated
      This element is automatically generated by MyBatis Generator, do not modify.
      This element was generated on Mon Jul 17 14:47:32 CST 2023.
    -->
    insert into Users
    <trim prefix="(" suffix=")" suffixOverrides=",">
      <if test="id != null">
        id,
      </if>
      <if test="isadmin != null">
        isAdmin,
      </if>
      <if test="passwd != null">
        passwd,
      </if>
      <if test="username != null">
        userName,
      </if>
    </trim>
    <trim prefix="values (" suffix=")" suffixOverrides=",">
      <if test="id != null">
        #{id,jdbcType=INTEGER},
      </if>
      <if test="isadmin != null">
        #{isadmin,jdbcType=BIT},
      </if>
      <if test="passwd != null">
        #{passwd,jdbcType=VARCHAR},
      </if>
      <if test="username != null">
        #{username,jdbcType=VARCHAR},
      </if>
    </trim>
  </insert>
  <select id="countByExample" parameterType="com.suxton.kunmall.pojo.UserExample" resultType="java.lang.Long">
    <!--
      WARNING - @mbg.generated
      This element is automatically generated by MyBatis Generator, do not modify.
      This element was generated on Mon Jul 17 14:47:32 CST 2023.
    -->
    select count(*) from Users
    <if test="_parameter != null">
      <include refid="Example_Where_Clause" />
    </if>
  </select>
  <update id="updateByExampleSelective" parameterType="map">
    <!--
      WARNING - @mbg.generated
      This element is automatically generated by MyBatis Generator, do not modify.
      This element was generated on Mon Jul 17 14:47:32 CST 2023.
    -->
    update Users
    <set>
      <if test="row.id != null">
        id = #{row.id,jdbcType=INTEGER},
      </if>
      <if test="row.isadmin != null">
        isAdmin = #{row.isadmin,jdbcType=BIT},
      </if>
      <if test="row.passwd != null">
        passwd = #{row.passwd,jdbcType=VARCHAR},
      </if>
      <if test="row.username != null">
        userName = #{row.username,jdbcType=VARCHAR},
      </if>
    </set>
    <if test="example != null">
      <include refid="Update_By_Example_Where_Clause" />
    </if>
  </update>
  <update id="updateByExample" parameterType="map">
    <!--
      WARNING - @mbg.generated
      This element is automatically generated by MyBatis Generator, do not modify.
      This element was generated on Mon Jul 17 14:47:32 CST 2023.
    -->
    update Users
    set id = #{row.id,jdbcType=INTEGER},
      isAdmin = #{row.isadmin,jdbcType=BIT},
      passwd = #{row.passwd,jdbcType=VARCHAR},
      userName = #{row.username,jdbcType=VARCHAR}
    <if test="example != null">
      <include refid="Update_By_Example_Where_Clause" />
    </if>
  </update>
  <update id="updateByPrimaryKeySelective" parameterType="com.suxton.kunmall.pojo.User">
    <!--
      WARNING - @mbg.generated
      This element is automatically generated by MyBatis Generator, do not modify.
      This element was generated on Mon Jul 17 14:47:32 CST 2023.
    -->
    update Users
    <set>
      <if test="isadmin != null">
        isAdmin = #{isadmin,jdbcType=BIT},
      </if>
      <if test="passwd != null">
        passwd = #{passwd,jdbcType=VARCHAR},
      </if>
      <if test="username != null">
        userName = #{username,jdbcType=VARCHAR},
      </if>
    </set>
    where id = #{id,jdbcType=INTEGER}
  </update>
  <update id="updateByPrimaryKey" parameterType="com.suxton.kunmall.pojo.User">
    <!--
      WARNING - @mbg.generated
      This element is automatically generated by MyBatis Generator, do not modify.
      This element was generated on Mon Jul 17 14:47:32 CST 2023.
    -->
    update Users
    set isAdmin = #{isadmin,jdbcType=BIT},
      passwd = #{passwd,jdbcType=VARCHAR},
      userName = #{username,jdbcType=VARCHAR}
    where id = #{id,jdbcType=INTEGER}
  </update>
</mapper>